INSERT INTO jugador (nombre, nickname, email, pais) VALUES
('Jhonny Mamani','jhonnyM','jhonny@gmail.com','Bolivia'),
('Wilfredo Quispe','wilqui','wil@gmail.com','Peru'),
('Roxana Choque','roxcho','rox@gmail.com','Bolivia'),
('Edgar Apaza','edapaza','edgar@gmail.com','Chile'),
('Milton Condori','milcond','milton@gmail.com','Bolivia'),
('Marisol Huanca','marhuan','marisol@gmail.com','Argentina'),
('Freddy Ticona','fredtic','freddy@gmail.com','Bolivia'),
('Deysi Callisaya','deycal','deysi@gmail.com','Peru'),
('Roberto Mamani','robmam','roberto@gmail.com','Bolivia'),
('Santos Quisbert','sanquis','santos@gmail.com','Chile'),
('Lucia Flores','lucflo','lucia@gmail.com','Bolivia'),
('Hugo Copa','hugoc','hugo@gmail.com','Peru'),
('Patricia Vilca','patvil','patricia@gmail.com','Bolivia'),
('Oscar Nina','oscnina','oscar@gmail.com','Argentina'),
('Veronica Yujra','veryuj','vero@gmail.com','Bolivia');

INSERT INTO equipo (nombre, fecha_creacion) VALUES
('Los Cóndores','2020-01-01'),
('Altiplano Gaming','2020-02-01'),
('Fuerza Andina','2020-03-01'),
('Los Tinkus','2020-04-01'),
('Guerreros del Sur','2020-05-01'),
('Team Illimani','2020-06-01'),
('Cóndor Strike','2020-07-01'),
('Los Paceños','2020-08-01'),
('Santa Cruz Power','2020-09-01'),
('Cochabamba Elite','2020-10-01'),
('Team Sajama','2020-11-01'),
('Amazonas Squad','2020-12-01'),
('Potosí Legends','2021-01-01'),
('Tarija Warriors','2021-02-01'),
('Beni Titans','2021-03-01');

INSERT INTO juego (nombre, genero) VALUES
('Andes Strike','FPS'),
('Altiplano Legends','MOBA'),
('Fútbol Bolivia','Deportes'),
('Guerra del Chaco','Estrategia'),
('Ciudad Gamer','RPG'),
('Battle Andes','FPS'),
('Liga Virtual','Deportes'),
('Mundo Aymara','RPG'),
('Choque Royale','Battle Royale'),
('Condor Duty','FPS'),
('Arena Bolivia','MOBA'),
('Simulador Andino','Simulación'),
('Pelea Callejera','Acción'),
('Leyendas del Sur','RPG'),
('Furia Tropical','Acción');

INSERT INTO torneo (nombre, fecha_inicio, fecha_fin, id_juego) VALUES
('Copa Illimani','2024-01-01','2024-01-05',1),
('Copa Altiplano','2024-01-06','2024-01-10',2),
('Copa Bolivia','2024-01-11','2024-01-15',3),
('Copa Chaco','2024-01-16','2024-01-20',4),
('Copa Gamer','2024-01-21','2024-01-25',5),
('Copa Andes','2024-01-26','2024-01-30',6),
('Copa Virtual','2024-02-01','2024-02-05',7),
('Copa Aymara','2024-02-06','2024-02-10',8),
('Copa Royale','2024-02-11','2024-02-15',9),
('Copa Duty','2024-02-16','2024-02-20',10),
('Copa Arena','2024-02-21','2024-02-25',11),
('Copa Simulador','2024-02-26','2024-03-01',12),
('Copa Acción','2024-03-02','2024-03-06',13),
('Copa Leyendas','2024-03-07','2024-03-11',14),
('Copa Tropical','2024-03-12','2024-03-16',15);

INSERT INTO partida (id_torneo, fecha, hora, estado) VALUES
(1,'2024-01-01','10:00:00','pendiente'),
(2,'2024-01-02','11:00:00','finalizado'),
(3,'2024-01-03','12:00:00','en juego'),
(4,'2024-01-04','13:00:00','pendiente'),
(5,'2024-01-05','14:00:00','finalizado'),
(6,'2024-01-06','15:00:00','en juego'),
(7,'2024-01-07','16:00:00','pendiente'),
(8,'2024-01-08','17:00:00','finalizado'),
(9,'2024-01-09','18:00:00','en juego'),
(10,'2024-01-10','19:00:00','pendiente'),
(11,'2024-01-11','20:00:00','finalizado'),
(12,'2024-01-12','21:00:00','en juego'),
(13,'2024-01-13','22:00:00','pendiente'),
(14,'2024-01-14','23:00:00','finalizado'),
(15,'2024-01-15','09:00:00','en juego');

INSERT INTO inscripcion (id_equipo, id_torneo, fecha_inscripcion) VALUES
(1,1,'2023-12-01'),
(2,2,'2023-12-02'),
(3,3,'2023-12-03'),
(4,4,'2023-12-04'),
(5,5,'2023-12-05'),
(6,6,'2023-12-06'),
(7,7,'2023-12-07'),
(8,8,'2023-12-08'),
(9,9,'2023-12-09'),
(10,10,'2023-12-10'),
(11,11,'2023-12-11'),
(12,12,'2023-12-12'),
(13,13,'2023-12-13'),
(14,14,'2023-12-14'),
(15,15,'2023-12-15');

INSERT INTO premio (id_torneo, posicion, monto) VALUES
(1,1,1000),
(2,1,1100),
(3,1,1200),
(4,1,1300),
(5,1,1400),
(6,1,1500),
(7,1,1600),
(8,1,1700),
(9,1,1800),
(10,1,1900),
(11,1,2000),
(12,1,2100),
(13,1,2200),
(14,1,2300),
(15,1,2400);

INSERT INTO estadistica (id_jugador, id_partida, kills, muertes, asistencias) VALUES
(1,1,5,2,1),
(2,2,6,3,2),
(3,3,7,1,3),
(4,4,8,2,4),
(5,5,9,3,5),
(6,6,10,2,6),
(7,7,11,1,7),
(8,8,12,2,8),
(9,9,13,3,9),
(10,10,14,1,10),
(11,11,15,2,11),
(12,12,16,3,12),
(13,13,17,1,13),
(14,14,18,2,14),
(15,15,19,3,15);

INSERT INTO participacion (id_partida, id_equipo, resultado) VALUES
(1,1,'ganador'),
(2,2,'perdedor'),
(3,3,'ganador'),
(4,4,'perdedor'),
(5,5,'ganador'),
(6,6,'perdedor'),
(7,7,'ganador'),
(8,8,'perdedor'),
(9,9,'ganador'),
(10,10,'perdedor'),
(11,11,'ganador'),
(12,12,'perdedor'),
(13,13,'ganador'),
(14,14,'perdedor'),
(15,15,'ganador');

INSERT INTO jugador_equipo (id_jugador, id_equipo, fecha_union) VALUES
(1,1,'2023-01-01'),
(2,2,'2023-01-02'),
(3,3,'2023-01-03'),
(4,4,'2023-01-04'),
(5,5,'2023-01-05'),
(6,6,'2023-01-06'),
(7,7,'2023-01-07'),
(8,8,'2023-01-08'),
(9,9,'2023-01-09'),
(10,10,'2023-01-10'),
(11,11,'2023-01-11'),
(12,12,'2023-01-12'),
(13,13,'2023-01-13'),
(14,14,'2023-01-14'),
(15,15,'2023-01-15');