INSERT INTO jugador (nombre, nickname, email, pais) VALUES
('Juan Perez','juanGamer','juan@mail.com','Bolivia'),
('Maria Lopez','mariaPro','maria@mail.com','Peru'),
('Carlos Diaz','carlosX','carlos@mail.com','Chile'),
('Ana Torres','anaKill','ana@mail.com','Argentina'),
('Luis Rojas','luisFire','luis@mail.com','Bolivia'),
('Sofia Cruz','sofiaGG','sofia@mail.com','Peru'),
('Diego Flores','diegoPro','diego@mail.com','Chile'),
('Laura Vega','lauraWin','laura@mail.com','Argentina'),
('Pedro Ruiz','pedroFPS','pedro@mail.com','Bolivia'),
('Camila Ortiz','camilaX','camila@mail.com','Peru'),
('Jorge Salas','jorgePlay','jorge@mail.com','Chile'),
('Elena Vargas','elenaTop','elena@mail.com','Argentina'),
('Andres Pinto','andresKill','andres@mail.com','Bolivia'),
('Valeria Mendez','valeriaGG','valeria@mail.com','Peru'),
('Ricardo Soto','ricardoX','ricardo@mail.com','Chile');

INSERT INTO equipo (nombre, fecha_creacion) VALUES
('Team Alpha','2023-01-01'),
('Team Beta','2023-02-01'),
('Team Gamma','2023-03-01'),
('Team Delta','2023-04-01'),
('Team Omega','2023-05-01'),
('Team Fire','2023-06-01'),
('Team Ice','2023-07-01'),
('Team Storm','2023-08-01'),
('Team Shadow','2023-09-01'),
('Team Titan','2023-10-01'),
('Team Nova','2023-11-01'),
('Team Dragon','2023-12-01'),
('Team Ghost','2024-01-01'),
('Team Wolf','2024-02-01'),
('Team Eagle','2024-03-01');

INSERT INTO jugador_equipo VALUES
(1,1,'2024-01-01'),
(2,1,'2024-01-02'),
(3,2,'2024-01-03'),
(4,2,'2024-01-04'),
(5,3,'2024-01-05'),
(6,3,'2024-01-06'),
(7,4,'2024-01-07'),
(8,4,'2024-01-08'),
(9,5,'2024-01-09'),
(10,6,'2024-01-10'),
(11,7,'2024-01-11'),
(12,8,'2024-01-12'),
(13,9,'2024-01-13'),
(14,10,'2024-01-14'),
(15,11,'2024-01-15');

INSERT INTO juego (nombre, genero) VALUES
('Free Fire','Battle Royale'),
('Valorant','Shooter'),
('FIFA 25','Deportes'),
('Call of Duty','Shooter'),
('Fortnite','Battle Royale'),
('LoL','MOBA'),
('Dota 2','MOBA'),
('CS GO','Shooter'),
('PUBG','Battle Royale'),
('Apex Legends','Battle Royale'),
('Rocket League','Deportes'),
('Overwatch','Shooter'),
('Minecraft','Sandbox'),
('GTA V','Accion'),
('Among Us','Party');

INSERT INTO torneo (nombre, fecha_inicio, fecha_fin, id_juego) VALUES
('Torneo 1','2026-05-01','2026-05-05',1),
('Torneo 2','2026-05-06','2026-05-10',2),
('Torneo 3','2026-05-11','2026-05-15',3),
('Torneo 4','2026-05-16','2026-05-20',4),
('Torneo 5','2026-05-21','2026-05-25',5),
('Torneo 6','2026-06-01','2026-06-05',6),
('Torneo 7','2026-06-06','2026-06-10',7),
('Torneo 8','2026-06-11','2026-06-15',8),
('Torneo 9','2026-06-16','2026-06-20',9),
('Torneo 10','2026-06-21','2026-06-25',10),
('Torneo 11','2026-07-01','2026-07-05',11),
('Torneo 12','2026-07-06','2026-07-10',12),
('Torneo 13','2026-07-11','2026-07-15',13),
('Torneo 14','2026-07-16','2026-07-20',14),
('Torneo 15','2026-07-21','2026-07-25',15);

INSERT INTO partida (id_torneo, fecha, hora, estado) VALUES
(1,'2026-05-01','18:00:00','pendiente'),
(2,'2026-05-02','18:00:00','finalizado'),
(3,'2026-05-03','18:00:00','pendiente'),
(4,'2026-05-04','18:00:00','finalizado'),
(5,'2026-05-05','18:00:00','pendiente'),
(6,'2026-06-01','18:00:00','finalizado'),
(7,'2026-06-02','18:00:00','pendiente'),
(8,'2026-06-03','18:00:00','finalizado'),
(9,'2026-06-04','18:00:00','pendiente'),
(10,'2026-06-05','18:00:00','finalizado'),
(11,'2026-07-01','18:00:00','pendiente'),
(12,'2026-07-02','18:00:00','finalizado'),
(13,'2026-07-03','18:00:00','pendiente'),
(14,'2026-07-04','18:00:00','finalizado'),
(15,'2026-07-05','18:00:00','pendiente');

INSERT INTO participacion VALUES
(1,1,'ganador'),
(1,2,'perdedor'),
(2,3,'ganador'),
(2,4,'perdedor'),
(3,5,'ganador'),
(3,6,'perdedor'),
(4,7,'ganador'),
(4,8,'perdedor'),
(5,9,'ganador'),
(5,10,'perdedor'),
(6,11,'ganador'),
(6,12,'perdedor'),
(7,13,'ganador'),
(7,14,'perdedor'),
(8,15,'ganador');

INSERT INTO estadistica (id_jugador,id_partida,kills,muertes,asistencias) VALUES
(1,1,10,2,5),
(2,1,5,3,2),
(3,2,8,1,4),
(4,2,6,4,3),
(5,3,9,2,6),
(6,3,4,5,2),
(7,4,7,3,5),
(8,4,3,6,1),
(9,5,11,2,4),
(10,5,2,7,1),
(11,6,10,3,3),
(12,6,5,4,2),
(13,7,12,1,5),
(14,7,3,6,2),
(15,8,9,2,4);

INSERT INTO premio (id_torneo,posicion,monto) VALUES
(1,1,500),(1,2,300),
(2,1,600),(2,2,350),
(3,1,700),(3,2,400),
(4,1,800),(4,2,450),
(5,1,900),(5,2,500),
(6,1,1000),(6,2,550),
(7,1,1100),(7,2,600),
(8,1,1200);

INSERT INTO inscripcion (id_equipo,id_torneo,fecha_inscripcion) VALUES
(1,1,'2026-04-01'),
(2,1,'2026-04-02'),
(3,2,'2026-04-03'),
(4,2,'2026-04-04'),
(5,3,'2026-04-05'),
(6,3,'2026-04-06'),
(7,4,'2026-04-07'),
(8,4,'2026-04-08'),
(9,5,'2026-04-09'),
(10,5,'2026-04-10'),
(11,6,'2026-04-11'),
(12,6,'2026-04-12'),
(13,7,'2026-04-13'),
(14,7,'2026-04-14'),
(15,8,'2026-04-15');